name,Collection,entry_year,Destination.after.study
"Wall, Frederick","Early Veterinary Graduates, 1825-1865",1865,Manchester
"Whyte, William","Early Veterinary Graduates, 1825-1865",1844,"Girvan, Ayrshire"
"Burnett, John","Early Veterinary Graduates, 1825-1865",1866,"Dundonald, Ayr"
"Gladwin, Edward","Early Veterinary Graduates, 1825-1865",1854,Manchester
"Pollock, Thomas","Early Veterinary Graduates, 1825-1865",1842,Edinburgh
"Reid, Charles","Early Veterinary Graduates, 1825-1865",1830,"Strathardle, Perth"
"Young, William","Early Veterinary Graduates, 1825-1865",1834,Noblehouse
"Kelly, Alexander","Early Veterinary Graduates, 1825-1865",1862,Edinburgh
"Erskine, Robert","Early Veterinary Graduates, 1825-1865",1863,"Grantown, Inverness"
"Turnbull, Thomas","Early Veterinary Graduates, 1825-1865",1831,Hawick
"Hutchinson, John","Early Veterinary Graduates, 1825-1865",1855,South Shields
"Jones, Owen","Early Veterinary Graduates, 1825-1865",1853,Anglesea
"Gardner, Charles","Early Veterinary Graduates, 1825-1865",1844,Toronto
"Dundas, George","Early Veterinary Graduates, 1825-1865",1858,Wick
"Crosland, George","Early Veterinary Graduates, 1825-1865",1850,Victoria
"Smith, Godfrey","Early Veterinary Graduates, 1825-1865",1860,"Darton, near Barnsley"
"Hepburn, John","Early Veterinary Graduates, 1825-1865",1842,Laurencekirk
"Spruell, William","Early Veterinary Graduates, 1825-1865",1862,Paisley
"Moir, John","Early Veterinary Graduates, 1825-1865",1855,Banchory
"Gray, John","Early Veterinary Graduates, 1825-1865",1860,"Craigie Burn, Lanarkshire"
"Wordie, John","Early Veterinary Graduates, 1825-1865",1843,Cumbernauld
"M'Intosh, Robert","Early Veterinary Graduates, 1825-1865",1855,Falkirk
"Goudie, John","Early Veterinary Graduates, 1825-1865",1846,"Hinckley, Leicestershire"
"Lord, Richard","Early Veterinary Graduates, 1825-1865",1857,"Halifax, Yorkshire"
"Heard, William","Early Veterinary Graduates, 1825-1865",1850,"Launceston, Cornwall"
"Aitkin, Robert","Early Veterinary Graduates, 1825-1865",1836,"Felton, Northumberland"
"Baxter, John","Early Veterinary Graduates, 1825-1865",1836,Campbelltown
"Robertson, Alexander","Early Veterinary Graduates, 1825-1865",1844,"Stonehaven, Kincardine"
"Thomson, John","Early Veterinary Graduates, 1825-1865",1841,"Glammis, Forfar"
"Welsh, C.","Early Veterinary Graduates, 1825-1865",1863,"Whaley Bridge, Derby"
"Robson, Joseph","Early Veterinary Graduates, 1825-1865",1856,Penrith
"Snowball, George","Early Veterinary Graduates, 1825-1865",1851,Huntly
"Moffat, George D.","Early Veterinary Graduates, 1825-1865",1844,Edinburgh
"Anderson, John","Early Veterinary Graduates, 1825-1865",1835,Liberton
"Tait, John","Early Veterinary Graduates, 1825-1865",1848,Kirkintilloch
"Cairncross, Peter","Early Veterinary Graduates, 1825-1865",1855,"Alyth, Forfarshire"
"Haunsell, William","Early Veterinary Graduates, 1825-1865",1839,"Staithes, Whitby"
"Carlisle, Edward","Early Veterinary Graduates, 1825-1865",1852,Carlisle
"Bell, John","Early Veterinary Graduates, 1825-1865",1858,Carlisle
"Walker, William","Early Veterinary Graduates, 1825-1865",1845,"Dalry, Ayrshire"
"Martin, John","Early Veterinary Graduates, 1825-1865",1842,Limerick
"Brodie, John","Early Veterinary Graduates, 1825-1865",1829,Dunse
"Bodington, George","Early Veterinary Graduates, 1825-1865",1846,"Canton, Cardiff"
"Vasey, Nicholas","Early Veterinary Graduates, 1825-1865",1856,Durham
"Johnson, William","Early Veterinary Graduates, 1825-1865",1836,Roslin
"Spenser, John","Early Veterinary Graduates, 1825-1865",1843,"Bakewell, Derby"
"Balfour, Andrew","Early Veterinary Graduates, 1825-1865",1844,"Balweary, Kirkcaldy"
"Turner, James","Early Veterinary Graduates, 1825-1865",1833,"Montreal, Canada"
"Mason, John","Early Veterinary Graduates, 1825-1865",1844,Kincardine
"White, James","Early Veterinary Graduates, 1825-1865",1835,"Paxton, Berwickshire"
"Robinson, James","Early Veterinary Graduates, 1825-1865",1846,Renfrewshire
"Tait, George, Jun.","Early Veterinary Graduates, 1825-1865",1848,Meigle
"Summers, William","Early Veterinary Graduates, 1825-1865",1866,"Chardstock, Dorset"
"Womack, John","Early Veterinary Graduates, 1825-1865",1861,"Ponteland, Northumberland"
"Smith, John","Early Veterinary Graduates, 1825-1865",1864,Birkenhead
"Olden, George","Early Veterinary Graduates, 1825-1865",1845,Cork
"Jack, John","Early Veterinary Graduates, 1825-1865",1864,Inverkeillor
"Ball, Thomas","Early Veterinary Graduates, 1825-1865",1850,Manchester
"Smith, William A.","Early Veterinary Graduates, 1825-1865",1865,Dublin
"M'Laren, John","Early Veterinary Graduates, 1825-1865",1863,"Newport, Yorkshire"
"Ross, Andrew Galbraith","Early Veterinary Graduates, 1825-1865",1860,Scots Greys
"Dunlop, John","Early Veterinary Graduates, 1825-1865",1859,Dreghorn
"Osborne, Joseph","Early Veterinary Graduates, 1825-1865",1845,"Spondon, Derbyshire"
"Aked, John","Early Veterinary Graduates, 1825-1865",1844,"Blackburn, Lancashire"
"Bryce, John","Early Veterinary Graduates, 1825-1865",1836,Stirling
"Walker, Peter","Early Veterinary Graduates, 1825-1865",1861,"Luss, Dumbarton"
"Bowie, Andrew","Early Veterinary Graduates, 1825-1865",1827,Hawick
"Dobson, Robert","Early Veterinary Graduates, 1825-1865",1842,"Seton, Haddington"
"Beattie, George","Early Veterinary Graduates, 1825-1865",1850,"Langside, Aberdeenshire"
"Robertson, John","Early Veterinary Graduates, 1825-1865",1844,Perthshire
"Cassie, John","Early Veterinary Graduates, 1825-1865",1861,"New Machar, Aberdeenshire"
"Dalzell, Allan","Early Veterinary Graduates, 1825-1865",1857,"Lecturer on Chemistry and Materia Medica, Edinburgh Veter. College"
"Wainwright, Thomas","Early Veterinary Graduates, 1825-1865",1861,"Sherburne, Yorkshire"
"M'Farlane, Andrew","Early Veterinary Graduates, 1825-1865",1848,"Trinity Gask, Perthshire"
"Currie, Robert G.","Early Veterinary Graduates, 1825-1865",1860,Aberdour
"Roberts, Thomas","Early Veterinary Graduates, 1825-1865",1862,"Lodge, Chirke, Salop"
"Hardy, William","Early Veterinary Graduates, 1825-1865",1861,Durham
"M'Connell, Thomas","Early Veterinary Graduates, 1825-1865",1866,Wigtown
"M'Lean, John","Early Veterinary Graduates, 1825-1865",1826,Aberfeldie
"Aitkin, Alex. Murray","Early Veterinary Graduates, 1825-1865",1841,Australia
"Olden, Robert, Junior","Early Veterinary Graduates, 1825-1865",1839,Cork
"Watt, Alexander","Early Veterinary Graduates, 1825-1865",1837,Edinburgh
"Murphy, James","Early Veterinary Graduates, 1825-1865",1862,Armagh
"Riddell, William","Early Veterinary Graduates, 1825-1865",1833,"Garioch, Aberdeen"
"Barker, Charles","Early Veterinary Graduates, 1825-1865",1849,"Malton, Yorkshire"
"Dun, Finlay","Early Veterinary Graduates, 1825-1865",1849,Shipston-on-Stour
"Reed, Thomas","Early Veterinary Graduates, 1825-1865",1860,Shotley Bridge
"Brockie, James","Early Veterinary Graduates, 1825-1865",1852,Mamoch
"Smith, Anthony","Early Veterinary Graduates, 1825-1865",1834,Australia
"Ferguson, George","Early Veterinary Graduates, 1825-1865",1829,"Craighead, Perthshire"
"Sheriff, John","Early Veterinary Graduates, 1825-1865",1854,Calcutta
"Knight, Robert","Early Veterinary Graduates, 1825-1865",1851,Alloa
"Waddell, Alexander","Early Veterinary Graduates, 1825-1865",1835,Perth
"Pope, Adam","Early Veterinary Graduates, 1825-1865",1833,"Tarves, Aberdeen"
"Hume, James","Early Veterinary Graduates, 1825-1865",1853,America
"Lambert, Thomas","Early Veterinary Graduates, 1825-1865",1859,Manchester
"Waldie, Edward","Early Veterinary Graduates, 1825-1865",1840,Jedburgh
"Aitkin, William","Early Veterinary Graduates, 1825-1865",1832,Kilmarnock
"Turnbull, Peter","Early Veterinary Graduates, 1825-1865",1866,"Rhynie, Aberdeenshire"
"Chisholm, Alexander","Early Veterinary Graduates, 1825-1865",1861,Blackshiels
"M'Eachran, Duncan M.","Early Veterinary Graduates, 1825-1865",1861,Canada West
"Falconer, Daniel","Early Veterinary Graduates, 1825-1865",1848,Loanhead
"Cockburn, John","Early Veterinary Graduates, 1825-1865",1838,Haddington
"Ramsay, Henry","Early Veterinary Graduates, 1825-1865",1861,"Lumphanan, Aberdeenshire"
"Simon, John","Early Veterinary Graduates, 1825-1865",1866,"Auchterless, Aberdeen"
"Wood, Sampson","Early Veterinary Graduates, 1825-1865",1853,"Moor Town, Leeds"
"Houston, George","Early Veterinary Graduates, 1825-1865",1844,Midlothian
"Johnson, James","Early Veterinary Graduates, 1825-1865",1832,"Cruden, Aberdeenshire"
"Wishart, John","Early Veterinary Graduates, 1825-1865",1832,Melrose
"Percival, George","Early Veterinary Graduates, 1825-1865",1863,"Over Whitley, Cheshire"
"West, Richard","Early Veterinary Graduates, 1825-1865",1862,"Thetford, Norfolk"
"Jack, Thomas","Early Veterinary Graduates, 1825-1865",1865,Edinburgh
"Kennedy, Thomas","Early Veterinary Graduates, 1825-1865",1847,Wrexham
"Hall, E. W.","Early Veterinary Graduates, 1825-1865",1845,"Oxford,"
"Strut, Peter","Early Veterinary Graduates, 1825-1865",1835,"Ford Bridge, Northumberland"
"Midgley, John","Early Veterinary Graduates, 1825-1865",1860,Birkenhead
"Turner, John","Early Veterinary Graduates, 1825-1865",1847,Warrington
"Lawson, Alexander","Early Veterinary Graduates, 1825-1865",1842,"Bolton, Lancashire"
"Bisset, John","Early Veterinary Graduates, 1825-1865",1834,Montrose
"Halket, Alexander","Early Veterinary Graduates, 1825-1865",1840,America
"Potts, Robert","Early Veterinary Graduates, 1825-1865",1837,Australia
"Hill, E. B.","Early Veterinary Graduates, 1825-1865",1848,Forfarshire
"Thomson, Thomas","Early Veterinary Graduates, 1825-1865",1853,"Strathaven, Lanark"
"Morton, George","Early Veterinary Graduates, 1825-1865",1840,Edinburgh
"Whyttock, Alexander","Early Veterinary Graduates, 1825-1865",1843,Perthshire
"Kay, James","Early Veterinary Graduates, 1825-1865",1846,"Forgandenny, Perthshire"
"Anderson, William","Early Veterinary Graduates, 1825-1865",1835,Glasgow
"Waters, George","Early Veterinary Graduates, 1825-1865",1845,"Buntingford, Herts"
"Eaglonson, John","Early Veterinary Graduates, 1825-1865",1844,"Stranraer, Wigtown"
"Robertson, William","Early Veterinary Graduates, 1825-1865",1862,Kelso
"Wishart, Philip","Early Veterinary Graduates, 1825-1865",1844,Haddington
"Mellis, Thomas","Early Veterinary Graduates, 1825-1865",1862,"Inverury, Aberdeenshire"
"Harrison, Nicolas","Early Veterinary Graduates, 1825-1865",1863,"Swansea, Wales"
"Chambers, William","Early Veterinary Graduates, 1825-1865",1854,Liverpool
"Glover, Robert H.","Early Veterinary Graduates, 1825-1865",1841,Dumfries
"Shields, William","Early Veterinary Graduates, 1825-1865",1830,"Arbirlot, Forfar"
"Drysdale, James","Early Veterinary Graduates, 1825-1865",1833,New York
"Smith, Alexander","Early Veterinary Graduates, 1825-1865",1842,"Appletreehall, Roxburgh"
"Lewis, Edward","Early Veterinary Graduates, 1825-1865",1866,"Great Budworth, Cheshire"
"Scott, Robert","Early Veterinary Graduates, 1825-1865",1862,"Warwick, Roxburgh"
"Morris, William","Early Veterinary Graduates, 1825-1865",1864,Aberdeen
"Taylor, Walter","Early Veterinary Graduates, 1825-1865",1857,Cheshire
"Allen, Thomas","Early Veterinary Graduates, 1825-1865",1839,Perthshire
"Gardner, B. R. C","Early Veterinary Graduates, 1825-1865",1843,"Staff Veter. Surgeon, Army"
"Gllespie, John","Early Veterinary Graduates, 1825-1865",1856,Lockerbie
"Murray, John","Early Veterinary Graduates, 1825-1865",1830,Dunse
"Smith, David","Early Veterinary Graduates, 1825-1865",1828,Fettercairn
"Butler, Walter S.","Early Veterinary Graduates, 1825-1865",1836,Dalkeith
"Robb, Andrew","Early Veterinary Graduates, 1825-1865",1861,"Parkhead, Glasgow"
"Martin, Edward","Early Veterinary Graduates, 1825-1865",1850,"Camoyle, Forfar"
"Howatt, Eryoe","Early Veterinary Graduates, 1825-1865",1858,"Londonderry, Ireland"
"Taylor, Thomas","Early Veterinary Graduates, 1825-1865",1859,Manchester
"Patterson, Charles","Early Veterinary Graduates, 1825-1865",1853,Hull
"M'Intosh, Robert","Early Veterinary Graduates, 1825-1865",1839,Australia
"Brenning, Richard","Early Veterinary Graduates, 1825-1865",1842,"Waterloo, Liverpool"
"Purves, George","Early Veterinary Graduates, 1825-1865",1834,Stirling
"Gleig, William","Early Veterinary Graduates, 1825-1865",1850,"Hatton of Fotheringham, Forfarshire"
"Donaldson, John","Early Veterinary Graduates, 1825-1865",1862,Paisley
"Riddell, Joseph","Early Veterinary Graduates, 1825-1865",1827,Abergeldie
"Eastcott, William","Early Veterinary Graduates, 1825-1865",1863,"Broadwood, Devonshire"
"Scott, George","Early Veterinary Graduates, 1825-1865",1861,"Earlston, Berwickshire"
"Haggard, Edward","Early Veterinary Graduates, 1825-1865",1839,America
"Mennie, George","Early Veterinary Graduates, 1825-1865",1857,"Skene, Aberdeenshire"
"Lewis, George","Early Veterinary Graduates, 1825-1865",1861,Monmouth
"M'Arthur, Alexander","Early Veterinary Graduates, 1825-1865",1863,"Largs, Ayrshire"
"Nuttal, Edmund","Early Veterinary Graduates, 1825-1865",1863,"Bury, Lancashire"
"Montgomery, Edward","Early Veterinary Graduates, 1825-1865",1858,Dublin
"Tuthill, John","Early Veterinary Graduates, 1825-1865",1852,Tralee
"Moore, Robert","Early Veterinary Graduates, 1825-1865",1865,London
"Sharpe, James","Early Veterinary Graduates, 1825-1865",1850,Hamilton
"Moir, Peter","Early Veterinary Graduates, 1825-1865",1861,Army
"Herriott, Arthur","Early Veterinary Graduates, 1825-1865",1831,"Polmont, Stirlingshire"
"Booth, George","Early Veterinary Graduates, 1825-1865",1847,Dundee
"Millar, William","Early Veterinary Graduates, 1825-1865",1853,"Methven, Perthshire"
"Bird, William,","Early Veterinary Graduates, 1825-1865",1851,"Belford,"
"Kirk, Benjamin E.","Early Veterinary Graduates, 1825-1865",1863,United States Army
"Grierson, William","Early Veterinary Graduates, 1825-1865",1844,Kirkcudbright
"Fawcett, Benjamin","Early Veterinary Graduates, 1825-1865",1855,Ponteland
"Glennie, Matthew","Early Veterinary Graduates, 1825-1865",1843,Coupar-Angus
"Howatt, John","Early Veterinary Graduates, 1825-1865",1848,Pollokshaws
"Moore, James","Early Veterinary Graduates, 1825-1865",1837,London
"Leather, Joseph","Early Veterinary Graduates, 1825-1865",1862,"Douglas, Isle of Man"
"Findlater, Richard","Early Veterinary Graduates, 1825-1865",1844,"Carstairs, Lanarkshire"
"Forrest, Samuel","Early Veterinary Graduates, 1825-1865",1842,"Carluke, Lanarkshire"
"Knox, George","Early Veterinary Graduates, 1825-1865",1846,Haddington
"Lewis, Walter","Early Veterinary Graduates, 1825-1865",1856,"Crewe, Cheshire"
"Parks, Henry","Early Veterinary Graduates, 1825-1865",1852,Liverpool
"Gilmour, John","Early Veterinary Graduates, 1825-1865",1850,"Clonmel, Ireland"
"Gow, Alexander","Early Veterinary Graduates, 1825-1865",1857,Blair-Athole
"Laing, Robert","Early Veterinary Graduates, 1825-1865",1861,Carron
"Waterhouse, William","Early Veterinary Graduates, 1825-1865",1866,"Briarly Manor, Barnsley"
"Hammond, John","Early Veterinary Graduates, 1825-1865",1865,Newton-Stewart
"Mitchell, Andrew","Early Veterinary Graduates, 1825-1865",1850,"Barr, Ayrshire"
"Baxter, William","Early Veterinary Graduates, 1825-1865",1846,Dundee
"Bain, Peter","Early Veterinary Graduates, 1825-1865",1863,"Doune, Perthshire"
"Robertson, James","Early Veterinary Graduates, 1825-1865",1838,"Half-pay, Army"
"Healey, Michael F.","Early Veterinary Graduates, 1825-1865",1861,Army
"Gofton, John","Early Veterinary Graduates, 1825-1865",1862,"Rothbury, Northumberland"
"Swarbrek, Thomas","Early Veterinary Graduates, 1825-1865",1841,"Preston, Lancashire"
"Dixon, James C.","Early Veterinary Graduates, 1825-1865",1862,Peebles
"Dobie, William","Early Veterinary Graduates, 1825-1865",1857,"Pierseton, Ayrshire"
"Pottie, Alexander","Early Veterinary Graduates, 1825-1865",1860,Renfrew
"Lees, Robert","Early Veterinary Graduates, 1825-1865",1862,"Tarbolton, Ayrshire,"
"M'Millan, Hugh","Early Veterinary Graduates, 1825-1865",1861,Aberfeldy
"Dunlop, Alexander","Early Veterinary Graduates, 1825-1865",1837,Airdrie
"Lawton, Peter","Early Veterinary Graduates, 1825-1865",1862,"Alderley, Cheshire"
"Bell, John","Early Veterinary Graduates, 1825-1865",1861,"Clonmel, Ireland"
"Keyes, H. O'Sullivan","Early Veterinary Graduates, 1825-1865",1856,"Limerick, Ireland"
"M'Lean, Lachlan","Early Veterinary Graduates, 1825-1865",1854,Dunfermline
"Lewis, John F.","Early Veterinary Graduates, 1825-1865",1862,"Hartlebury, Worcester"
"Connachie, James","Early Veterinary Graduates, 1825-1865",1860,"West Struther, Berwickshire"
"Currie, John","Early Veterinary Graduates, 1825-1865",1838,"Bowland, Galashiels"
"Ritchie, Andrew","Early Veterinary Graduates, 1825-1865",1847,Laurencekirk
"Hulme, Peter Leicester","Early Veterinary Graduates, 1825-1865",1850,Manchester
"Storar, James","Early Veterinary Graduates, 1825-1865",1848,"The Palace, Dubford, Banff"
"Lockhart, William","Early Veterinary Graduates, 1825-1865",1849,New York
"Turnbull, Archibald","Early Veterinary Graduates, 1825-1865",1846,"East India Co., Bengal"
"Little, William","Early Veterinary Graduates, 1825-1865",1866,"North Cave, Yorkshire"
"Halfey, Joseph","Early Veterinary Graduates, 1825-1865",1858,"Southport, Lancashire"
"Dent, William","Early Veterinary Graduates, 1825-1865",1865,Westmoreland
"Allen, David","Early Veterinary Graduates, 1825-1865",1839,Renfrewshire
"Laidlaw, Robert","Early Veterinary Graduates, 1825-1865",1840,"Montreal, America"
"Jones, Hugh","Early Veterinary Graduates, 1825-1865",1864,"Paygrove, Caernarvonshire"
"Worthington, William","Early Veterinary Graduates, 1825-1865",1863,"Garstang, Lancashire"
"Boag, William","Early Veterinary Graduates, 1825-1865",1843,Kilham
"Donald, Archibald","Early Veterinary Graduates, 1825-1865",1866,Paisley
"Mitchell, John","Early Veterinary Graduates, 1825-1865",1865,Aberdeenshire
"Harrison, George","Early Veterinary Graduates, 1825-1865",1842,"Croft, Leicester"
"Dale, Arthur D.","Early Veterinary Graduates, 1825-1865",1864,"Cadishead, Lancashire"
"Bulman, Robert","Early Veterinary Graduates, 1825-1865",1866,Hexham
"Taylor, William","Early Veterinary Graduates, 1825-1865",1856,Australia
"Dickie, James","Early Veterinary Graduates, 1825-1865",1859,"Auchencruve, Ayrshire"
"Fry, Thomas","Early Veterinary Graduates, 1825-1865",1854,"Virginstone, Devonshire"
"Terry, William","Early Veterinary Graduates, 1825-1865",1843,"Wells, Norfolk"
"Dodds, Robert","Early Veterinary Graduates, 1825-1865",1825,Kirkcaldy
"Tait, George","Early Veterinary Graduates, 1825-1865",1824,Meigle
"Johnson, James","Early Veterinary Graduates, 1825-1865",1844,"Millerhill, Edinburghshire"
"Gill, David","Early Veterinary Graduates, 1825-1865",1858,Aberdeenshire
"Ross, Adam","Early Veterinary Graduates, 1825-1865",1833,Inverness-shire
"Wood, William","Early Veterinary Graduates, 1825-1865",1854,Wigan
"Peebles, James","Early Veterinary Graduates, 1825-1865",1860,"Lochee, Forfarshire"
"Gardiner, James","Early Veterinary Graduates, 1825-1865",1830,Alexandria by Dumbarton
"Dudfield, James","Early Veterinary Graduates, 1825-1865",1854,"Rose, Gloucester"
"Collins, James","Early Veterinary Graduates, 1825-1865",1852,6th Inniskilling Dragoons
"Brown, John","Early Veterinary Graduates, 1825-1865",1859,West Calder
"Dawson, Jacob","Early Veterinary Graduates, 1825-1865",1860,"Kettering, Northampton"
"Buchanan, Duncan","Early Veterinary Graduates, 1825-1865",1854,"Kenmore, Perthshire"
"Lockwood, Noel","Early Veterinary Graduates, 1825-1865",1847,"Hull, Yorkshire"
"Smith, William","Early Veterinary Graduates, 1825-1865",1841,"Redstone, Perthshire"
"Hepburn, William","Early Veterinary Graduates, 1825-1865",1839,Laurencekirk
"Young, George","Early Veterinary Graduates, 1825-1865",1865,Haddington
"Hick, William","Early Veterinary Graduates, 1825-1865",1851,"Fulford, York"
"Millar, George","Early Veterinary Graduates, 1825-1865",1845,"Bradninch, Devon"
"Brosnan, John","Early Veterinary Graduates, 1825-1865",1860,"Tralee, Ireland"
"Tennant, Charles","Early Veterinary Graduates, 1825-1865",1844,Maybole
"Wilson, James","Early Veterinary Graduates, 1825-1865",1860,Australia
"Hepburn, William","Early Veterinary Graduates, 1825-1865",1857,Kinross-shire
"Phillipson, Thomas","Early Veterinary Graduates, 1825-1865",1836,Stamfordham
"Martin, James","Early Veterinary Graduates, 1825-1865",1864,"Navan, Co. Meath"
"Forbes, Charles","Early Veterinary Graduates, 1825-1865",1841,Aberdeenshire
"Lamb, William","Early Veterinary Graduates, 1825-1865",1850,Indian Army
"Kay, John","Early Veterinary Graduates, 1825-1865",1843,"Pontefract, Yorkshire"
"Fleming, George","Early Veterinary Graduates, 1825-1865",1855,3d Hussars
"Stewart, George","Early Veterinary Graduates, 1825-1865",1861,Penrith
"Reid, Alexander","Early Veterinary Graduates, 1825-1865",1857,"Towie, Aberdeenshire"
"Whitney, W. S.","Early Veterinary Graduates, 1825-1865",1866,Cork
"M'Lean, John","Early Veterinary Graduates, 1825-1865",1837,Renfrew
"Olden, Robert, Senior","Early Veterinary Graduates, 1825-1865",1839,Cork
"Liddle, John","Early Veterinary Graduates, 1825-1865",1833,"Brockholes, Berwickshire"
"Dow, John","Early Veterinary Graduates, 1825-1865",1860,"Birnam, Dunkeld"
"Simmonds, Benjamin","Early Veterinary Graduates, 1825-1865",1856,London
"Duncan, Alexander","Early Veterinary Graduates, 1825-1865",1851,"Methlic, Aberdeen"
"Merry, Charles","Early Veterinary Graduates, 1825-1865",1863,"Cumnock, Ayrshire"
"Falconer, John,","Early Veterinary Graduates, 1825-1865",1835,Loanhead
"Simpson, Andrew","Early Veterinary Graduates, 1825-1865",1860,Fettercairn
"Reid, Andrew","Early Veterinary Graduates, 1825-1865",1859,"Cluny, Fifeshire"
"M'Lachlan, David","Early Veterinary Graduates, 1825-1865",1864,Paisley
"Livingston, James","Early Veterinary Graduates, 1825-1865",1827,Strathtay
"Paterson, Robert B.","Early Veterinary Graduates, 1825-1865",1840,Dumfries
"Dewar, William","Early Veterinary Graduates, 1825-1865",1839,Midmar
"Hay, Thomas","Early Veterinary Graduates, 1825-1865",1850,"Kirkmichael, Banff"
"Hall, Robhert","Early Veterinary Graduates, 1825-1865",1864,"Stockton-on-Tees, Durham"
"Mann, Andrew","Early Veterinary Graduates, 1825-1865",1865,"Lambton, Durham"
"Hutchinson, Hope","Early Veterinary Graduates, 1825-1865",1827,Scone
"Smith, William","Early Veterinary Graduates, 1825-1865",1852,Tranent
"M'Intosh, W","Early Veterinary Graduates, 1825-1865",1839,Australia
"St Clair, John Pattison","Early Veterinary Graduates, 1825-1865",1835,Lancaster
"Connachie, William","Early Veterinary Graduates, 1825-1865",1858,Selkirk
"Stewart, John","Early Veterinary Graduates, 1825-1865",1827,Perth
"Quick, John Couch","Early Veterinary Graduates, 1825-1865",1841,St Ives
"Jack, William","Early Veterinary Graduates, 1825-1865",1858,Montrose
"Brockhurst, Lewis","Early Veterinary Graduates, 1825-1865",1838,Hastings
"Cox, Albert S.","Early Veterinary Graduates, 1825-1865",1866,Manchester
"Williams, John","Early Veterinary Graduates, 1825-1865",1845,St Asaph
"Thomson, John","Early Veterinary Graduates, 1825-1865",1843,Bridge of Ardrock
"Smith, Benjamin","Early Veterinary Graduates, 1825-1865",1863,"Darton, Yorkshire"
"Fitzwigram, Lieut. -Col. F.","Early Veterinary Graduates, 1825-1865",1854,15th Hussars
"Copeland, Henry","Early Veterinary Graduates, 1825-1865",1853,"Garstang, Lincolnshire"
"Proudfoot, George","Early Veterinary Graduates, 1825-1865",1855,Eastgate
"Ewan, David","Early Veterinary Graduates, 1825-1865",1851,"Barry, Forfarshire"
"Frater, William","Early Veterinary Graduates, 1825-1865",1864,"Hawksland, Lanarkshire"
"Walker, William","Early Veterinary Graduates, 1825-1865",1829,"Dundonald, Ayrshire"
"Stewart, George","Early Veterinary Graduates, 1825-1865",1846,"Banffshire, Rothiemay"
"Wilson, James","Early Veterinary Graduates, 1825-1865",1852,Stirlingshire
"Stirling, William","Early Veterinary Graduates, 1825-1865",1843,Ireland
"Ferguson, James","Early Veterinary Graduates, 1825-1865",1839,Cuba
"M'Court, John","Early Veterinary Graduates, 1825-1865",1859,Belfast
"Walker, Robert","Early Veterinary Graduates, 1825-1865",1848,Kirkintilloch
"Williamson, John","Early Veterinary Graduates, 1825-1865",1839,Dalkeith
"Hammond, William","Early Veterinary Graduates, 1825-1865",1845,Witton-Ie-Wear
"Cooper, Job","Early Veterinary Graduates, 1825-1865",1855,"Market Weighton, Yorkshire"
"Bowman, Thomas","Early Veterinary Graduates, 1825-1865",1845,"Fridaythorpe, Yorkshire"
"M'Gillivray, James","Early Veterinary Graduates, 1825-1865",1845,"Rayne, by Insch, Aberdeenshire"
"Oliver, George","Early Veterinary Graduates, 1825-1865",1863,Army
"Stokoe, Thomas","Early Veterinary Graduates, 1825-1865",1864,"Hay, Brecon"
"Robertson, Daniel","Early Veterinary Graduates, 1825-1865",1832,"Strathey, Perthshire"
"Wilson, Archibald","Early Veterinary Graduates, 1825-1865",1838,Africa
"Clelland, James","Early Veterinary Graduates, 1825-1865",1831,Coldstream
"Hill, William Wyatt","Early Veterinary Graduates, 1825-1865",1856,"Coderhead, Lancashire"
"Farquhar, William","Early Veterinary Graduates, 1825-1865",1848,Ayrshire
"Howie, James","Early Veterinary Graduates, 1825-1865",1847,New Deer
"Scrymgeour, James","Early Veterinary Graduates, 1825-1865",1866,"St Johns, New Brunswick"
"Ritchie, Thomas","Early Veterinary Graduates, 1825-1865",1830,"Scotland Well, Kinross"
"M'Kirdy, John","Early Veterinary Graduates, 1825-1865",1834,"Kingarth, Bute"
"Wagstaff, Samuel","Early Veterinary Graduates, 1825-1865",1862,"Leadenham, Lincoln"
"Preston, James","Early Veterinary Graduates, 1825-1865",1860,"Mallow, Ireland"
"Hughes, J. H.","Early Veterinary Graduates, 1825-1865",1866,Swansea
"Birdsall, Francis","Early Veterinary Graduates, 1825-1865",1848,"Dozenhand, Norfolk"
"Shearer, Andrew","Early Veterinary Graduates, 1825-1865",1839,Kirkcudbright
"Blackie, James","Early Veterinary Graduates, 1825-1865",1859,"Bellshill, Lanarkshire"
"M'Donald, James G.","Early Veterinary Graduates, 1825-1865",1844,America
"Lawson, John","Early Veterinary Graduates, 1825-1865",1837,Manchester
"Maxwell, James","Early Veterinary Graduates, 1825-1865",1835,"Dalswinton, Dumfries"
"Arthur, Robert","Early Veterinary Graduates, 1825-1865",1842,Monkland Iron Works
"Balfour, George H.","Early Veterinary Graduates, 1825-1865",1843,Edinburgh
"Bryden, James","Early Veterinary Graduates, 1825-1865",1857,Liverpool
"Wilson, George","Early Veterinary Graduates, 1825-1865",1837,"Bank House, Edinburgh"
"Stewart, Alexander","Early Veterinary Graduates, 1825-1865",1866,"Rothiemay, Aberdeen"
"Faichney, John","Early Veterinary Graduates, 1825-1865",1853,"Douglas, Isle of Man"
"Tait, John","Early Veterinary Graduates, 1825-1865",1835,Tweedmouth
"Jaffrey, Thomas","Early Veterinary Graduates, 1825-1865",1852,Forres
"Bell, Liiccock","Early Veterinary Graduates, 1825-1865",1845,Paris
"Fulton, Gilbert","Early Veterinary Graduates, 1825-1865",1836,"Liverpool,"
"Prentice, Robert","Early Veterinary Graduates, 1825-1865",1852,Bathgate
"Bey, Willam","Early Veterinary Graduates, 1825-1865",1851,"Tarland, Aberdeen"
"Hurst, James","Early Veterinary Graduates, 1825-1865",1851,Liverpool
"Field, William Allan","Early Veterinary Graduates, 1825-1865",1857,London
"Hill, H.","Early Veterinary Graduates, 1825-1865",1863,"Cadis Head, Lancashire"
"Rumney, Oswald J.","Early Veterinary Graduates, 1825-1865",1857,Cumberland
"Tait, Joseph","Early Veterinary Graduates, 1825-1865",1861,Portsoy
"Henderson, Alexander","Early Veterinary Graduates, 1825-1865",1857,Aberdeenshire
"Charles, J. W.","Early Veterinary Graduates, 1825-1865",1840,Accrington
"Kettle, James","Early Veterinary Graduates, 1825-1865",1866,Leith Fort
"Dawson, John","Early Veterinary Graduates, 1825-1865",1843,Strathdon
"Carrick, William","Early Veterinary Graduates, 1825-1865",1824,"Cupar, Fife"
"Darling, F. B.","Early Veterinary Graduates, 1825-1865",1848,late Australia
"Lowe, Charles","Early Veterinary Graduates, 1825-1865",1851,"Redgorton, Perthshire"
"Campbell, John","Early Veterinary Graduates, 1825-1865",1842,7th Madras Light Dragoons
"Lyon, William","Early Veterinary Graduates, 1825-1865",1833,Forfar
"Fulton, John","Early Veterinary Graduates, 1825-1865",1830,Ayr
"Ainslie, John Aldington","Early Veterinary Graduates, 1825-1865",1835,London
"Pallin, William","Early Veterinary Graduates, 1825-1865",1863,"Carlow, Ireland"
"Aitkin, William","Early Veterinary Graduates, 1825-1865",1849,Edinburgh
"Campbell, Thomas","Early Veterinary Graduates, 1825-1865",1854,"Yonderton, Ayrshire"
"Wragg, G. Moore","Early Veterinary Graduates, 1825-1865",1850,Doncaster
"Thomson, Thomas","Early Veterinary Graduates, 1825-1865",1840,Sunderland
"M'Naughton, Edward","Early Veterinary Graduates, 1825-1865",1846,Melbourne
"M'Naughton, John","Early Veterinary Graduates, 1825-1865",1836,Langholm
"Chalwin, E. G.","Early Veterinary Graduates, 1825-1865",1848,India
"Carlisle, William","Early Veterinary Graduates, 1825-1865",1847,Wigton
"M'Lean, John","Early Veterinary Graduates, 1825-1865",1837,Edinburgh
"M'Dougall, John","Early Veterinary Graduates, 1825-1865",1860,Cardross
"Purdie, John","Early Veterinary Graduates, 1825-1865",1833,"Weston, Lanarkshire"
"Balfour, John","Early Veterinary Graduates, 1825-1865",1861,Montrose
"M'Gregor, John","Early Veterinary Graduates, 1825-1865",1850,"Tain, Sutherland"
"Pears, Henry","Early Veterinary Graduates, 1825-1865",1858,"Walton, Cumberland"
"Borrowman, James","Early Veterinary Graduates, 1825-1865",1837,"Little France, Edinburgh"
"Marno, William","Early Veterinary Graduates, 1825-1865",1857,"Kennethmont, Aberdeenshire"
"Hall, Charles","Early Veterinary Graduates, 1825-1865",1854,Staffordshire
"Fulton, David","Early Veterinary Graduates, 1825-1865",1859,"Mullingar, Ireland,"
"Shenton, Richard","Early Veterinary Graduates, 1825-1865",1855,Derbyshire
"Haycock, William","Early Veterinary Graduates, 1825-1865",1842,Manchester
"Ashe, Edward Evanson","Early Veterinary Graduates, 1825-1865",1849,Cork
"Nicholson, Robert","Early Veterinary Graduates, 1825-1865",1844,"Womersley, Yorkshire"
"Day, Frederick J.","Early Veterinary Graduates, 1825-1865",1850,York
"Malcolm, John","Early Veterinary Graduates, 1825-1865",1863,"Enniscorthy, Ireland"
"Miscamble, John","Early Veterinary Graduates, 1825-1865",1845,"Melbourne, Australia"
"Tennant, J. B.","Early Veterinary Graduates, 1825-1865",1840,Maybole
"Hallen, J. H. B.","Early Veterinary Graduates, 1825-1865",1848,"E.I.C., India"
"Dickie, Robert","Early Veterinary Graduates, 1825-1865",1861,Ayr
"Stewart, George","Early Veterinary Graduates, 1825-1865",1858,Perth
"Lockwood, G. W.","Early Veterinary Graduates, 1825-1865",1840,York
"Brotherton, Richard","Early Veterinary Graduates, 1825-1865",1843,Australia
"M'Robie, Robert","Early Veterinary Graduates, 1825-1865",1842,Glasgow
"Low, John","Early Veterinary Graduates, 1825-1865",1842,"Pittendennie, Perth"
"Murray, William C.","Early Veterinary Graduates, 1825-1865",1844,Portobello
"Robinson, Alexander","Early Veterinary Graduates, 1825-1865",1849,Greenock
"Rennie, George","Early Veterinary Graduates, 1825-1865",1836,Elgin
"Brown, James","Early Veterinary Graduates, 1825-1865",1844,North Berwick
"Jebson, James","Early Veterinary Graduates, 1825-1865",1854,"Bishop Wilton, Yorkshire"
"Dunlop, Andrew","Early Veterinary Graduates, 1825-1865",1862,New Zealand
"Corbett, John","Early Veterinary Graduates, 1825-1865",1826,"Simonburn, near Hexham"
"Dobson, John","Early Veterinary Graduates, 1825-1865",1847,"March, Cambridgeshire"
"Auckland, Joseph","Early Veterinary Graduates, 1825-1865",1840,Elgin
"Roberts, Robert","Early Veterinary Graduates, 1825-1865",1854,Merioneth
"Thomson, Henry","Early Veterinary Graduates, 1825-1865",1860,"Aspatria, Cumberland"
"Mather, Thomas","Early Veterinary Graduates, 1825-1865",1840,Edinburgh
"Aitkin, David","Early Veterinary Graduates, 1825-1865",1852,Dunfermline
"M'Gill, John F.","Early Veterinary Graduates, 1825-1865",1849,Ayrshire
"Fergusson, John H.","Early Veterinary Graduates, 1825-1865",1862,Ayr
"Burnett, Robert","Early Veterinary Graduates, 1825-1865",1864,Glasgow
"Littler, Robert","Early Veterinary Graduates, 1825-1865",1850,"Clawson, Leicestershire"
"Barron, George","Early Veterinary Graduates, 1825-1865",1856,"Echt, Aberdeenshire"
"Rowlands, David","Early Veterinary Graduates, 1825-1865",1864,"Oswestress, Denbighshire"
"Martin, Henry","Early Veterinary Graduates, 1825-1865",1860,Scone
"Horner, Francis","Early Veterinary Graduates, 1825-1865",1863,"Bingley, Yorkshire"
"Richmond, Robert","Early Veterinary Graduates, 1825-1865",1855,"Poppleton, Yorkshire"
"Baird, Colin Camphell","Early Veterinary Graduates, 1825-1865",1852,"Cupar, Fife"
"Grieve, James","Early Veterinary Graduates, 1825-1865",1829,Crossgates
"Ferris, John","Early Veterinary Graduates, 1825-1865",1856,Devonshire
"Dollar, John,","Early Veterinary Graduates, 1825-1865",1855,"Paris,"
"Cade, Thomas","Early Veterinary Graduates, 1825-1865",1849,Bristol
"Ogston, Robert","Early Veterinary Graduates, 1825-1865",1858,"Mill of Calurlie, Aberdeenshire"
"Lockhart, Alexander","Early Veterinary Graduates, 1825-1865",1865,Glasgow
"Wordie, Robert","Early Veterinary Graduates, 1825-1865",1845,Cumbernauld
"Connacher, George","Early Veterinary Graduates, 1825-1865",1857,Perth
"Bland, George","Early Veterinary Graduates, 1825-1865",1851,"Alfreton, Derbyshire"
"Anderson, Hugh","Early Veterinary Graduates, 1825-1865",1863,Army
"Ganley, Andrew","Early Veterinary Graduates, 1825-1865",1860,"Dublin,"
"Paton, William","Early Veterinary Graduates, 1825-1865",1838,Inchinnan
"Milligan, John","Early Veterinary Graduates, 1825-1865",1864,Lockerbie
"Scott, Strettel","Early Veterinary Graduates, 1825-1865",1859,Dublin
"Drynan, Thomas","Early Veterinary Graduates, 1825-1865",1849,"Ballantrae, Aberdeen"
"Unsworth, John Bell","Early Veterinary Graduates, 1825-1865",1856,Manchester
"Forsyth, Robert","Early Veterinary Graduates, 1825-1865",1837,Portobello
"Tindal, James","Early Veterinary Graduates, 1825-1865",1834,Glasgow
"Whittle, William","Early Veterinary Graduates, 1825-1865",1848,Manchester
"Barton, John","Early Veterinary Graduates, 1825-1865",1844,Lancashire
"Austin, John Thomas","Early Veterinary Graduates, 1825-1865",1857,"Huddersfield, Yorkshire"
"Clarke, William B.","Early Veterinary Graduates, 1825-1865",1844,Cambridge
"Willett, Wm. Gregory","Early Veterinary Graduates, 1825-1865",1861,"Stretton, Cheshire"
"Young, Andrew","Early Veterinary Graduates, 1825-1865",1834,Jedburgh
"Waugh, William","Early Veterinary Graduates, 1825-1865",1846,Stirling
"Ball, Joseph","Early Veterinary Graduates, 1825-1865",1852,Royal Artillery
"Abbot, Charles","Early Veterinary Graduates, 1825-1865",1841,Manchester
"Hely, F. A.","Early Veterinary Graduates, 1825-1865",1849,"Carrickmacross, Ireland"
"Williams, William","Early Veterinary Graduates, 1825-1865",1857,"Bradford, Yorkshire"
"Strangeways, Thomas","Early Veterinary Graduates, 1825-1865",1857,"Lecturer on Anatomy, Edin. Veterinary College"
"Smith, James","Early Veterinary Graduates, 1825-1865",1829,Inverury
"Sharp, Thomas","Early Veterinary Graduates, 1825-1865",1865,Hamilton
"Simpson, Cuthbert","Early Veterinary Graduates, 1825-1865",1837,Manchester
"Lyon, John","Early Veterinary Graduates, 1825-1865",1845,"Prescott, Lancashire"
"Scott, George","Early Veterinary Graduates, 1825-1865",1859,Norham
"Robertson, Adam C.","Early Veterinary Graduates, 1825-1865",1862,Airdrie
"Simpson, Thomas","Early Veterinary Graduates, 1825-1865",1864,"Ellon, Aberdeenshire"
"Friend, William","Early Veterinary Graduates, 1825-1865",1848,Walsall
"Young, David","Early Veterinary Graduates, 1825-1865",1865,Hamilton
"Ellison, Alexander","Early Veterinary Graduates, 1825-1865",1847,"Tain, Ross-shire"
"Shortt, John","Early Veterinary Graduates, 1825-1865",1860,"Madras, East Indies"
"Jackson, Thomas","Early Veterinary Graduates, 1825-1865",1861,"Portadown, Armagh"
"Stewart, John","Early Veterinary Graduates, 1825-1865",1860,Australia
"Stone, Harry","Early Veterinary Graduates, 1825-1865",1864,"Donington, Leicestershire"
"Moorehouse, James W.","Early Veterinary Graduates, 1825-1865",1853,New Zealand
"Horsburgh, James","Early Veterinary Graduates, 1825-1865",1835,Dalkeith
"Scriven, George","Early Veterinary Graduates, 1825-1865",1844,Wetherby
"Keith, Alexander","Early Veterinary Graduates, 1825-1865",1853,"Old Deer, Aberdeen"
"Cairns, James","Early Veterinary Graduates, 1825-1865",1858,"Farnell, Forfarshire"
"Murray, Thomas","Early Veterinary Graduates, 1825-1865",1846,"Tulla, Clare"
"Douglas, John","Early Veterinary Graduates, 1825-1865",1857,"New Cumnock, Ayr"
"M'Dougall, James","Early Veterinary Graduates, 1825-1865",1838,West Kilpatrick
"Dun, Robert","Early Veterinary Graduates, 1825-1865",1854,Edinburgh
"Poett, Augustus J. J.","Early Veterinary Graduates, 1825-1865",1843,East India Company
"Illensworth, Thomas","Early Veterinary Graduates, 1825-1865",1854,High Hesket
"Skea, Joseph","Early Veterinary Graduates, 1825-1865",1843,Aberdeen
"Worthington, William","Early Veterinary Graduates, 1825-1865",1840,"Clinical Assistant, Edinburgh Veterinary College"
"Pitt, John Edward","Early Veterinary Graduates, 1825-1865",1857,Birmingham
"Morgan, George","Early Veterinary Graduates, 1825-1865",1856,Liverpool
"Chalwin, Thomas","Early Veterinary Graduates, 1825-1865",1853,Sussex
"Barton, Charles E.","Early Veterinary Graduates, 1825-1865",1849,East India Company
"Dixon, William","Early Veterinary Graduates, 1825-1865",1856,Manchester
"Towers, J. T.","Early Veterinary Graduates, 1825-1865",1850,13th Light Dragoons
"M'Crorie, Thomas","Early Veterinary Graduates, 1825-1865",1865,"Monkton, Ayrshire"
"Mayer, William","Early Veterinary Graduates, 1825-1865",1846,Penrith
"Ker, James","Early Veterinary Graduates, 1825-1865",1862,Peebles
"Barr, William","Early Veterinary Graduates, 1825-1865",1840,"Stair, Ayrshire"
"Low, John","Early Veterinary Graduates, 1825-1865",1842,"Marchburn, Kincardine"
"Hogarth, George","Early Veterinary Graduates, 1825-1865",1842,Berwick-upon-Tweed
"Bale, James","Early Veterinary Graduates, 1825-1865",1860,"Otley, Yorkshire"
"Hardy, Adam","Early Veterinary Graduates, 1825-1865",1844,"Roxburgh, America"
"Dodds, Robert S.","Early Veterinary Graduates, 1825-1865",1857,Alnwick
"Dudgeon, David","Early Veterinary Graduates, 1825-1865",1849,Tynningham
"Barron, Edward","Early Veterinary Graduates, 1825-1865",1862,Dublin
"Barker, John","Early Veterinary Graduates, 1825-1865",1852,7th Dragoons
"Taylor, Alexander","Early Veterinary Graduates, 1825-1865",1842,Brechin
"Crighton, James","Early Veterinary Graduates, 1825-1865",1834,Cupar-Fife
"M'Lean, John","Early Veterinary Graduates, 1825-1865",1856,"Springburn, Glasgow"
"Potts, Leonard","Early Veterinary Graduates, 1825-1865",1859,Penrith
"Briggs, John","Early Veterinary Graduates, 1825-1865",1841,Coventry
"Smeaton, Alexander","Early Veterinary Graduates, 1825-1865",1834,Crichton
"Hay, John","Early Veterinary Graduates, 1825-1865",1848,"Lauder, Berwickshire"
"Hepburn, Michael","Early Veterinary Graduates, 1825-1865",1863,Blair-Adam
"Baxter, James","Early Veterinary Graduates, 1825-1865",1843,Errol
"Hepburn, John","Early Veterinary Graduates, 1825-1865",1850,Milnathort
"Chambers, George","Early Veterinary Graduates, 1825-1865",1834,"Tarves, Aberdeen"
"Eckford, Jas. M.","Early Veterinary Graduates, 1825-1865",1866,Leith
"Muter, William","Early Veterinary Graduates, 1825-1865",1849,Cape of Good Hope
"Smith, William","Early Veterinary Graduates, 1825-1865",1854,Ceylon
"Barker, William G.","Early Veterinary Graduates, 1825-1865",1865,"Skelton, Yorkshire"
"Grainger, James","Early Veterinary Graduates, 1825-1865",1844,"Rosewell, Edinburgh"
"Scholefield, John","Early Veterinary Graduates, 1825-1865",1857,Pontefract
"Lawson, William C.","Early Veterinary Graduates, 1825-1865",1864,Bolton
"Hill, William F. H.","Early Veterinary Graduates, 1825-1865",1857,Cheshire
"M'Gregor, Andrew","Early Veterinary Graduates, 1825-1865",1838,Crieff
"Fields, William","Early Veterinary Graduates, 1825-1865",1862,"Beverley, Yorkshire"
"Romanis, Charles S.","Early Veterinary Graduates, 1825-1865",1847,St Petersburg
"Dycer, William","Early Veterinary Graduates, 1825-1865",1841,Dublin
"Barter, Robert H.","Early Veterinary Graduates, 1825-1865",1845,Australia
"Fraser, Charles","Early Veterinary Graduates, 1825-1865",1841,Limerick
"Rowe, H. S.","Early Veterinary Graduates, 1825-1865",1849,Leeds
"Lord, William C.","Early Veterinary Graduates, 1825-1865",1842,5th Lancers
"Kendall, Joseph","Early Veterinary Graduates, 1825-1865",1866,"Lowich Bridge, Lancashire"
"Guthrie, David","Early Veterinary Graduates, 1825-1865",1858,Forfar
"Rhodes, John H.","Early Veterinary Graduates, 1825-1865",1864,Manchester
"M'Intosh, Andrew J.","Early Veterinary Graduates, 1825-1865",1862,Dumfries
"Poett, John Luke","Early Veterinary Graduates, 1825-1865",1860,Curragh
"Pottie, John","Early Veterinary Graduates, 1825-1865",1858,Australia
"Callender, Joseph","Early Veterinary Graduates, 1825-1865",1864,Falkirk
"Murphy, John B.","Early Veterinary Graduates, 1825-1865",1846,"Drogheda, Louth"
"Mitchell, Graham","Early Veterinary Graduates, 1825-1865",1854,Linlithgowshire
"Turnbull, John","Early Veterinary Graduates, 1825-1865",1862,"Rhynie, Aberdeenshire"
"M'Kerrow, Hugh","Early Veterinary Graduates, 1825-1865",1828,Lesmahagow
"King, James","Early Veterinary Graduates, 1825-1865",1843,Belfast
"Dacre, William","Early Veterinary Graduates, 1825-1865",1866,Manchester
"Smith, Gilbert","Early Veterinary Graduates, 1825-1865",1836,"Closeburn, Dumfries"
"Aitkin, John","Early Veterinary Graduates, 1825-1865",1836,Edinburgh
"Caldwell, Alexander","Early Veterinary Graduates, 1825-1865",1846,India
"Baxter, David","Early Veterinary Graduates, 1825-1865",1851,Perth
"Moir, Charles","Early Veterinary Graduates, 1825-1865",1851,Wales
"Perrie, James","Early Veterinary Graduates, 1825-1865",1828,Old Deer
"Bell, James","Early Veterinary Graduates, 1825-1865",1859,"Dupplin, Perth"
"Sorely, Robert","Early Veterinary Graduates, 1825-1865",1846,"Cromar, Aberdeenshire"
"Savage, Charles John","Early Veterinary Graduates, 1825-1865",1853,Manchester
"Soulsby, James Collier","Early Veterinary Graduates, 1825-1865",1857,Hartlepool
"Ord, Robert","Early Veterinary Graduates, 1825-1865",1846,Roxburgh
"Ormiston, William","Early Veterinary Graduates, 1825-1865",1837,Mexico
"Douglas, George","Early Veterinary Graduates, 1825-1865",1843,Woolsthorpe
"Lauder, Charles","Early Veterinary Graduates, 1825-1865",1830,Dumfries
"Anderson, George W.","Early Veterinary Graduates, 1825-1865",1864,"Rayne, Aberdeen"
"Copeland, Laurence","Early Veterinary Graduates, 1825-1865",1855,"Shiffnal, Salop"
"Thomson, Samuel","Early Veterinary Graduates, 1825-1865",1850,Corehouse
"Dickson, Thomas","Early Veterinary Graduates, 1825-1865",1840,Dumfries
"Reid, Robert","Early Veterinary Graduates, 1825-1865",1860,"Assistant-Inspector of Slaughter-Houses, Edin."
"M'Gillivray, Alex. E.","Early Veterinary Graduates, 1825-1865",1866,"Rayne, Aberdeenshire"
"Atkinson, Frederick","Early Veterinary Graduates, 1825-1865",1847,"Cartmel, Lancashire"
"Monkman, Mark","Early Veterinary Graduates, 1825-1865",1841,Leeds
"Fleming, William","Early Veterinary Graduates, 1825-1865",1861,Oldham
"Murphy, M. B. J.","Early Veterinary Graduates, 1825-1865",1848,Dublin
"Clelland, George","Early Veterinary Graduates, 1825-1865",1834,Rosewell
"Kirkby, James","Early Veterinary Graduates, 1825-1865",1856,"Sibsey, Lincolnshire"
"Cunningham, William","Early Veterinary Graduates, 1825-1865",1827,Kilmarnock
"Wilson, Robert Stretton","Early Veterinary Graduates, 1825-1865",1852,"Ollerton, Notts"
"Glass, John W.","Early Veterinary Graduates, 1825-1865",1843,"Coldston, Aberdeen"
"Hay, G. W.","Early Veterinary Graduates, 1825-1865",1837,Boswell's Green
"Hamilton, John H.","Early Veterinary Graduates, 1825-1865",1862,"Kandy, Ceylon"
"Cherry, Alfred H.","Early Veterinary Graduates, 1825-1865",1844,Clapham
"Fraser, Alexander","Early Veterinary Graduates, 1825-1865",1856,"Marnoch, Banff"
"M'Caa, John","Early Veterinary Graduates, 1825-1865",1844,Ayrshire
"Lambert, James","Early Veterinary Graduates, 1825-1865",1855,Royal Artillery
"Herd, John","Early Veterinary Graduates, 1825-1865",1845,"Appleby, Westmoreland"
"Rawes, William","Early Veterinary Graduates, 1825-1865",1859,"Shap, Westmoreland"
"Law, James","Early Veterinary Graduates, 1825-1865",1857,Edinburgh
"M'Vean, Rober","Early Veterinary Graduates, 1825-1865",1828,Stirling
"Amos, Alexander","Early Veterinary Graduates, 1825-1865",1841,Gorebridge
"Grant, Robert","Early Veterinary Graduates, 1825-1865",1857,"Craig-begg, Invemess-shire"
"Diack, George","Early Veterinary Graduates, 1825-1865",1857,"Old Meldrum, Aberdeenshire"
"Lothian, William","Early Veterinary Graduates, 1825-1865",1844,"Thirlstane, Berwickshire"
"Coleman, Edward","Early Veterinary Graduates, 1825-1865",1856,London
"Mason, Robert","Early Veterinary Graduates, 1825-1865",1835,North Berwick
"Duff, Archibald","Early Veterinary Graduates, 1825-1865",1832,"Edradour, Perth"
"Mills, John","Early Veterinary Graduates, 1825-1865",1858,18th Light Dragoons
"Brooks, William Mason","Early Veterinary Graduates, 1825-1865",1856,"Breedon, Leicestershire"
"Thomson, John","Early Veterinary Graduates, 1825-1865",1833,"Kingswood, Perth"
"Reynolds, Bernard","Early Veterinary Graduates, 1825-1865",1851,Dublin
"Thomson, Thomas","Early Veterinary Graduates, 1825-1865",1832,"Redstone, Perthshire"
"Dollar, Thomas A.","Early Veterinary Graduates, 1825-1865",1851,"New Bond Street, London"
"Pugh, Charles G.","Early Veterinary Graduates, 1825-1865",1842,Haverford West
"Lambert, Septimus","Early Veterinary Graduates, 1825-1865",1861,Manchester
"Challinor, Alfred","Early Veterinary Graduates, 1825-1865",1864,"Pendlebury, Manchester"
"Gray, Thomas","Early Veterinary Graduates, 1825-1865",1846,India
"Smith, Andrew","Early Veterinary Graduates, 1825-1865",1861,"Lecturer on Veterinary Science, Toronto, Canada"
"Thomson, Robert","Early Veterinary Graduates, 1825-1865",1828,Auchterarder
"Wheeler, William C.","Early Veterinary Graduates, 1825-1865",1862,"Cairo, Egypt"
"Marshall, Thomas","Early Veterinary Graduates, 1825-1865",1851,Glasgow
"Teviotdale, John","Early Veterinary Graduates, 1825-1865",1839,Elgin
"Reilley, Owen","Early Veterinary Graduates, 1825-1865",1860,"Oristown, Ireland"
"O'Brien, Maurice","Early Veterinary Graduates, 1825-1865",1866,Clonmel
"Maginn, Charles James","Early Veterinary Graduates, 1825-1865",1847,Ireland
"Brett, Alfred","Early Veterinary Graduates, 1825-1865",1862,Edinburgh
"Taylor, William","Early Veterinary Graduates, 1825-1865",1859,"Wetherby, Yorkshire"
"Webster, John","Early Veterinary Graduates, 1825-1865",1862,"Fourden, Kincardineshire"
"Newton, Peter","Early Veterinary Graduates, 1825-1865",1842,America
"Butters, A.","Early Veterinary Graduates, 1825-1865",1865,Edinburgh
"Duncan, Archibald","Early Veterinary Graduates, 1825-1865",1834,"Colinsburgh, Fife"
"Anderson, James","Early Veterinary Graduates, 1825-1865",1828,Leicester
"White, John","Early Veterinary Graduates, 1825-1865",1846,"Waltham, Lincolnshire"
"Thomson, George","Early Veterinary Graduates, 1825-1865",1853,"Horncastle, Lincolnshire"
"Carmichael, Alexander","Early Veterinary Graduates, 1825-1865",1840,Ripon
"Barron, Neil M.","Early Veterinary Graduates, 1825-1865",1861,"Old Deer, Aberdeen"
"Sinclair, John","Early Veterinary Graduates, 1825-1865",1834,Auchterarder
"Berrie, William","Early Veterinary Graduates, 1825-1865",1851,"Whitehouse, Aberdeen"
"Siddell, Thomas","Early Veterinary Graduates, 1825-1865",1844,Shotley
"Coupland, William","Early Veterinary Graduates, 1825-1865",1863,"Little Sutton, Cheshire"
"M'Lae, William","Early Veterinary Graduates, 1825-1865",1852,Dalmuir
"Barron, James","Early Veterinary Graduates, 1825-1865",1857,Aberdeenshire
"M'Call, James","Early Veterinary Graduates, 1825-1865",1857,Glasgow
"Barlow, John","Early Veterinary Graduates, 1825-1865",1844,Cheshire
"Marshall, Matthew J.","Early Veterinary Graduates, 1825-1865",1853,East India Company
"Doig, John","Early Veterinary Graduates, 1825-1865",1850,Wigtown
"Bowie, James","Early Veterinary Graduates, 1825-1865",1851,Hawick
"Haslam, James N.","Early Veterinary Graduates, 1825-1865",1859,Manchester
"Kirkham, James","Early Veterinary Graduates, 1825-1865",1841,Liverpool
"Duns, David G.","Early Veterinary Graduates, 1825-1865",1866,Dunse
"Young, William","Early Veterinary Graduates, 1825-1865",1832,Lanarkshire
"Wilson, William","Early Veterinary Graduates, 1825-1865",1862,Sanquhar
"Little, Thomas","Early Veterinary Graduates, 1825-1865",1862,"Swineflect, Yorkshire"
"Lawson, John, Jun.","Early Veterinary Graduates, 1825-1865",1862,Manchester
"M'Gavin, James","Early Veterinary Graduates, 1825-1865",1848,Johnstone
"Anderson, Robert","Early Veterinary Graduates, 1825-1865",1853,Lanark
"Aitkin, John","Early Veterinary Graduates, 1825-1865",1841,Dalkeith
"White, James","Early Veterinary Graduates, 1825-1865",1836,Aberdeenshire
"Allison, William","Early Veterinary Graduates, 1825-1865",1840,"Thornley, Durham"
"Thomson, Henry","Early Veterinary Graduates, 1825-1865",1833,Rosyth
"Stewart, Thomas","Early Veterinary Graduates, 1825-1865",1850,Broughty Ferry
"Pettigrew, Robert","Early Veterinary Graduates, 1825-1865",1847,Carluke
"Gray, Edward Simpson","Early Veterinary Graduates, 1825-1865",1839,8th Hussars
"Taylor, James","Early Veterinary Graduates, 1825-1865",1863,"Co. Down, Ireland"
"Simpson, John","Early Veterinary Graduates, 1825-1865",1846,Liverpool
"Stowe, William H.","Early Veterinary Graduates, 1825-1865",1857,Warwick
"Kirkpatrick, John","Early Veterinary Graduates, 1825-1865",1831,"Dunscore, Dumfriesshire"
"Tudhope, David","Early Veterinary Graduates, 1825-1865",1844,"Lesmahagow, Lanarkshire"
"Ritchie, James","Early Veterinary Graduates, 1825-1865",1838,Perthshire
"Lee, John Henry","Early Veterinary Graduates, 1825-1865",1857,Chesterfield
"Borthwick, John","Early Veterinary Graduates, 1825-1865",1844,Kirkliston
"Steel, John","Early Veterinary Graduates, 1825-1865",1831,"Biggar, Lanarkshire"
"Mitchell, Robert","Early Veterinary Graduates, 1825-1865",1859,Glasgow
"Coates, Thomas","Early Veterinary Graduates, 1825-1865",1860,"Barden Mill, Northumberland"
"Harrison, John","Early Veterinary Graduates, 1825-1865",1857,"Brough, Westmoreland"
"Barr, Robert","Early Veterinary Graduates, 1825-1865",1826,Irvine
"Grant, Norman","Early Veterinary Graduates, 1825-1865",1850,"Dalrey, Eorres"
"Heard, Edward H.","Early Veterinary Graduates, 1825-1865",1864,Carrick-on-Suir
"Keith, James","Early Veterinary Graduates, 1825-1865",1865,Old Deer
"Wilkinson, James","Early Veterinary Graduates, 1825-1865",1844,"Dundee, Forfarshire"
"Sermon, George","Early Veterinary Graduates, 1825-1865",1862,Manchester
"Farrell, Hiram","Early Veterinary Graduates, 1825-1865",1858,"E.I.C., Bombay"
"Byrne, Luke","Early Veterinary Graduates, 1825-1865",1842,4th Dragoon Guards
"Breakell, James","Early Veterinary Graduates, 1825-1865",1854,Preston
"Irvine, John","Early Veterinary Graduates, 1825-1865",1840,Castle-Douglas
"Wylie, George","Early Veterinary Graduates, 1825-1865",1842,"Slewoodfield, Aberdeenshire"
"Fogan, James","Early Veterinary Graduates, 1825-1865",1859,Northumberland
"Cunningham, Cornelius","Early Veterinary Graduates, 1825-1865",1859,Slateford
"Sproull, James","Early Veterinary Graduates, 1825-1865",1840,"Milngavie, Glasgow"
"Learmonth, Thomas","Early Veterinary Graduates, 1825-1865",1837,Edinburgh
"Keith, William","Early Veterinary Graduates, 1825-1865",1858,New York
"Secker, Thomas","Early Veterinary Graduates, 1825-1865",1849,Ripon
"Roy, William","Early Veterinary Graduates, 1825-1865",1842,Crieff
"Perry, Edward","Early Veterinary Graduates, 1825-1865",1865,Leicestershire
"Reid, Patrick","Early Veterinary Graduates, 1825-1865",1844,Easter-Middleton
"Capes, William","Early Veterinary Graduates, 1825-1865",1852,Bridport
"Michie, Thomas","Early Veterinary Graduates, 1825-1865",1855,Australia
"Borthwick, James","Early Veterinary Graduates, 1825-1865",1850,Australia
"Graham, Young R.","Early Veterinary Graduates, 1825-1865",1847,Birmingham
"Duns, W. E.","Early Veterinary Graduates, 1825-1865",1863,Dunse
"Little, John","Early Veterinary Graduates, 1825-1865",1863,"Agusterton, Cumberland"
"Seaman, Isaac","Early Veterinary Graduates, 1825-1865",1845,"Saffron, Walden"
"Murray, David","Early Veterinary Graduates, 1825-1865",1838,Methven
"Marshall, William","Early Veterinary Graduates, 1825-1865",1844,Yorkshire
"Storie, Francis","Early Veterinary Graduates, 1825-1865",1827,East Linton
"Feamley, William","Early Veterinary Graduates, 1825-1865",1866,"Featherston, York"
"Fairley, John","Early Veterinary Graduates, 1825-1865",1857,"Glamis, Forfarshire"
"Langdon, John","Early Veterinary Graduates, 1825-1865",1854,Launceston
"Gavin, William","Early Veterinary Graduates, 1825-1865",1845,"India,"
"Sloane, E. W.","Early Veterinary Graduates, 1825-1865",1865,Kirkcudbright
"Secker, Charles","Early Veterinary Graduates, 1825-1865",1844,Knaresborough
"Shenton, Thomas","Early Veterinary Graduates, 1825-1865",1850,Bakewell
"Sandeman, James","Early Veterinary Graduates, 1825-1865",1834,"Cortachy, Forfar"
"Hamilton, Alexander","Early Veterinary Graduates, 1825-1865",1861,New Zealand
"Gray, Charles","Early Veterinary Graduates, 1825-1865",1861,Wishaw
"Paton, James G.","Early Veterinary Graduates, 1825-1865",1865,Manchester
"Borrowman, A.","Early Veterinary Graduates, 1825-1865",1847,Kirkcaldy
"Loader, Thomas","Early Veterinary Graduates, 1825-1865",1843,"Basingstoke, Hampshire"
"Thomson, David","Early Veterinary Graduates, 1825-1865",1859,Trinidad
"Steele, John","Early Veterinary Graduates, 1825-1865",1862,Australia
"Brown, Andrew John","Early Veterinary Graduates, 1825-1865",1856,"South Hindley, Yorkshire"
"Hall, William","Early Veterinary Graduates, 1825-1865",1861,6th Dragoon Guards
"Lang, Robert","Early Veterinary Graduates, 1825-1865",1858,"Bridge of Weir, Renfrew"
"Brackenridge, Alex.","Early Veterinary Graduates, 1825-1865",1861,"Holytown, Lanark"
"Corcar, Chambre","Early Veterinary Graduates, 1825-1865",1854,East India Company
"Wright, J. W.","Early Veterinary Graduates, 1825-1865",1866,"Bilbrough, Yorkshire"
"Byrne, John H.","Early Veterinary Graduates, 1825-1865",1863,"Naples, Italy"
"Wright, William","Early Veterinary Graduates, 1825-1865",1857,"Tideswell, Derbyshire"
"Gould, William","Early Veterinary Graduates, 1825-1865",1864,"Whitchurch, Shropshire"
"Evans, William","Early Veterinary Graduates, 1825-1865",1863,Co. Cork
"Mitchell, William","Early Veterinary Graduates, 1825-1865",1849,"Bathgate, Linhthgowshire"
"Ferguson, Patrick","Early Veterinary Graduates, 1825-1865",1833,Peebles
"Peech, John D.","Early Veterinary Graduates, 1825-1865",1851,"Wentworth, Yorkshire"
"Hampton, Peter","Early Veterinary Graduates, 1825-1865",1851,Arbroath
"Bowman, John","Early Veterinary Graduates, 1825-1865",1852,"Elvington, Yorkshire"
"Smith, Walter","Early Veterinary Graduates, 1825-1865",1827,Eglinton
"Bremner, George","Early Veterinary Graduates, 1825-1865",1860,"Monikie, Forfarshire"
"Shepherd, Richard","Early Veterinary Graduates, 1825-1865",1856,Pickering
"Dycer, Edward","Early Veterinary Graduates, 1825-1865",1838,Dublin
"Gordon, William","Early Veterinary Graduates, 1825-1865",1860,Kirkmichael
"White, Thomas","Early Veterinary Graduates, 1825-1865",1861,"Corwen, Wales"
"Bisset, James","Early Veterinary Graduates, 1825-1865",1839,Brechin
"Anderson, John","Early Veterinary Graduates, 1825-1865",1858,Royal Artillery
"Linton, George","Early Veterinary Graduates, 1825-1865",1855,Bishop Auckland
"Hunter, James","Early Veterinary Graduates, 1825-1865",1862,"Confunderland, Aberdeenshire"
"Morrison, Alexander","Early Veterinary Graduates, 1825-1865",1862,"Towie, Aberdeenshire"
"Elam, William","Early Veterinary Graduates, 1825-1865",1846,Huddersfield
"Nimmo, Andrew","Early Veterinary Graduates, 1825-1865",1850,Linlithgow
"Mechie, William","Early Veterinary Graduates, 1825-1865",1841,Berwickshire
"Burbage, John H.","Early Veterinary Graduates, 1825-1865",1860,Calcutta
"Morris, John","Early Veterinary Graduates, 1825-1865",1857,Aberdeen
"Kay, James","Early Veterinary Graduates, 1825-1865",1834,Forfar
"Bisset, Benjamin M.","Early Veterinary Graduates, 1825-1865",1864,Brechin
"Chambers, Evander","Early Veterinary Graduates, 1825-1865",1850,Half-pay 1st Dragoons
"M'Culloch, Allan","Early Veterinary Graduates, 1825-1865",1862,Glasgow
"Fisher, John","Early Veterinary Graduates, 1825-1865",1852,Whithaven
"Meiklam, Robert","Early Veterinary Graduates, 1825-1865",1866,East Kilpatrick
"Smith, Benjamin","Early Veterinary Graduates, 1825-1865",1860,Ulverston
"Rutherford, Richard","Early Veterinary Graduates, 1825-1865",1860,Calcutta
"Owles, A. J.","Early Veterinary Graduates, 1825-1865",1848,"Staff Veter. Surgeon, Army"
"Wallier, James, P.S.","Early Veterinary Graduates, 1825-1865",1866,"Grantown, Ross-shire"
"Collins, Francis P.","Early Veterinary Graduates, 1825-1865",1847,16th Lancers
"Walker, Thomas","Early Veterinary Graduates, 1825-1865",1844,"Rothley, Leicestershire"
"Gillespie, Alexander","Early Veterinary Graduates, 1825-1865",1861,Wooler
"Chambers, Robert","Early Veterinary Graduates, 1825-1865",1857,Liverpool
"Pottie, Michael","Early Veterinary Graduates, 1825-1865",1829,Strathmiglo
"Barker, Thomas","Early Veterinary Graduates, 1825-1865",1864,"Stokesley, Yorkshire"
"Armitage, George","Early Veterinary Graduates, 1825-1865",1852,"Fence Houses, county Durham"
"Clarke, John","Early Veterinary Graduates, 1825-1865",1832,"Auchinbowie, Stirling"
"Slater, James","Early Veterinary Graduates, 1825-1865",1853,"Kirkham, Lancashire"
"Wilkie, Alexander","Early Veterinary Graduates, 1825-1865",1831,Forfarshire
"Simpson, George","Early Veterinary Graduates, 1825-1865",1842,Liverpool
"Munn, John","Early Veterinary Graduates, 1825-1865",1852,"Ochiltree, Ayr"
"Cheetham, J. P.","Early Veterinary Graduates, 1825-1865",1828,Keswick
"Nimmo, Alexander","Early Veterinary Graduates, 1825-1865",1827,Linlithgow
"Seton, Henry","Early Veterinary Graduates, 1825-1865",1835,Edinburgh
"Cuming, M. A.","Early Veterinary Graduates, 1825-1865",1846,"St John's, Newfoundland"
"Shea, Thomas","Early Veterinary Graduates, 1825-1865",1859,Dublin
"Tait, James","Early Veterinary Graduates, 1825-1865",1857,Perthshire
"Robertson, Alexander","Early Veterinary Graduates, 1825-1865",1836,"Stonehaven, Kincardine"
"Murray, Peter","Early Veterinary Graduates, 1825-1865",1844,"Tulla, Clare"
"Reid, Peter","Early Veterinary Graduates, 1825-1865",1844,Stirlingshire
"Brainie, George","Early Veterinary Graduates, 1825-1865",1858,"Methley, Yorkshire"
"Dickson, John","Early Veterinary Graduates, 1825-1865",1864,Dumfries
"Kirkham, George","Early Veterinary Graduates, 1825-1865",1843,West Derby
"Fingzies, James","Early Veterinary Graduates, 1825-1865",1860,Kinross
"Danby, Frederick","Early Veterinary Graduates, 1825-1865",1864,"Holtby, Yorkshire"
"Horsburgh, David","Early Veterinary Graduates, 1825-1865",1851,Dalkeith
"Kelbum, Thomas","Early Veterinary Graduates, 1825-1865",1865,"Skelton, Yorkshire"
"Paton, Thomas","Early Veterinary Graduates, 1825-1865",1855,Cape Mounted Rifles
"Wilson, John Marshall","Early Veterinary Graduates, 1825-1865",1858,Military Train
"Crombie, James","Early Veterinary Graduates, 1825-1865",1846,Dunfermline
"Deuchars, Robert","Early Veterinary Graduates, 1825-1865",1849,"Cruden, Aberdeen"
"Taylor, Peter","Early Veterinary Graduates, 1825-1865",1844,Manchester
"Bridge, Roger","Early Veterinary Graduates, 1825-1865",1850,Bury
"Hodgson, Septimus","Early Veterinary Graduates, 1825-1865",1854,Cumberland
"Laing, William","Early Veterinary Graduates, 1825-1865",1826,Banchory
"Bird, James","Early Veterinary Graduates, 1825-1865",1854,Bervie
"Mitchell, James","Early Veterinary Graduates, 1825-1865",1865,Kelso
"Paley, David","Early Veterinary Graduates, 1825-1865",1859,11th Hussars
"Warfolk, Thomas","Early Veterinary Graduates, 1825-1865",1852,Wishaw
"Bradshaw, Charles","Early Veterinary Graduates, 1825-1865",1856,Mauritius
"Mechie, Peter","Early Veterinary Graduates, 1825-1865",1852,Wishaw
"Boag, William M.","Early Veterinary Graduates, 1825-1865",1842,Morpeth
"M'Lean, Daniel","Early Veterinary Graduates, 1825-1865",1861,Royal Artillery
"Watt, James","Early Veterinary Graduates, 1825-1865",1826,Edinburgh
"Kerr, William","Early Veterinary Graduates, 1825-1865",1861,"Beith, Ayrshire"
"Barclay, James","Early Veterinary Graduates, 1825-1865",1844,Perthshire
"Pritchard, Thomas","Early Veterinary Graduates, 1825-1865",1851,Madras
"Edwards, John","Early Veterinary Graduates, 1825-1865",1858,"Abergele, Wales"
"Brownlee, David","Early Veterinary Graduates, 1825-1865",1844,"Coatbridge, Lanarkshire"
"Barker, John","Early Veterinary Graduates, 1825-1865",1838,Australia
"Knight, James","Early Veterinary Graduates, 1825-1865",1839,Renfrewshire
"Farrell, James,","Early Veterinary Graduates, 1825-1865",1851,Dublin
"Donaldson, John","Early Veterinary Graduates, 1825-1865",1835,Paisley
"Pears, Joseph","Early Veterinary Graduates, 1825-1865",1860,Penrith
"Henderson, William","Early Veterinary Graduates, 1825-1865",1841,Roxburghshire
"Edmonston, Andrew","Early Veterinary Graduates, 1825-1865",1835,"Aberargie, Perth"
"Wilson, James","Early Veterinary Graduates, 1825-1865",1850,"Keig,Whitehouse, Aberdeensh."
"Barr, John","Early Veterinary Graduates, 1825-1865",1862,"Irvine, Ayrshire"
"Campbell, Peter","Early Veterinary Graduates, 1825-1865",1843,"Waltrie, Fife"
"Pratt, Thomas","Early Veterinary Graduates, 1825-1865",1858,"Masham, Yorkshire"
"Snowball, Matthew","Early Veterinary Graduates, 1825-1865",1853,Huntly
"Proctor, Thomas","Early Veterinary Graduates, 1825-1865",1843,Liverpool
"Boyce, John H.","Early Veterinary Graduates, 1825-1865",1862,"Adlingfleet, Goole"
"Cross, George","Early Veterinary Graduates, 1825-1865",1834,"Urie, Aberdeenshire"
"Stewart, William","Early Veterinary Graduates, 1825-1865",1824,Aberdeenshire
"Smith, James","Early Veterinary Graduates, 1825-1865",1852,Auchterarder
"Scott, Luke","Early Veterinary Graduates, 1825-1865",1831,Tweedmouth
"Campbell, Thomas","Early Veterinary Graduates, 1825-1865",1859,Kirkcudbrightshire
"Pollock, David","Early Veterinary Graduates, 1825-1865",1862,"Bellshill, Lanark"
"Donaldson, James","Early Veterinary Graduates, 1825-1865",1861,Paisley
"Tallontire, John","Early Veterinary Graduates, 1825-1865",1863,"Skelton, Cumberland"
"Scriven, William","Early Veterinary Graduates, 1825-1865",1836,Aberford
"M'Dougal, Alexander","Early Veterinary Graduates, 1825-1865",1864,Old Kilpatrick
"Constant, Stephen","Early Veterinary Graduates, 1825-1865",1846,5th Dragoon Guards
"Barker, William","Early Veterinary Graduates, 1825-1865",1843,"Middleshro', Yorkshire"
"Lawson, John","Early Veterinary Graduates, 1825-1865",1851,"High Street, Forres"
"Hurst, Henry","Early Veterinary Graduates, 1825-1865",1842,Liverpool
"Wills, Samuel J.","Early Veterinary Graduates, 1825-1865",1861,"Blandford, Dorset"
"Clarke, James","Early Veterinary Graduates, 1825-1865",1855,Musselburgh
"Cunningham, Andrew","Early Veterinary Graduates, 1825-1865",1849,Slateford
"Frater, William","Early Veterinary Graduates, 1825-1865",1830,America
"Thomson, William","Early Veterinary Graduates, 1825-1865",1849,Dunbar
"Leith, William","Early Veterinary Graduates, 1825-1865",1834,"Alford, Aberdeen"
"Gray, Alexander","Early Veterinary Graduates, 1825-1865",1836,Edinburgh
